year,last_name, first_name,player_id,pitch_hand,api_pitch_type,n_pitches,release_speed,spin_rate,movement_inches,alan_active_spin_pct,active_spin,hawkeye_measured,movement_inferred,api_pitch_name,active_spin_formatted,hawkeye_measured_clock_minutes,movement_inferred_clock_minutes,diff_measured_inferred,diff2,diff_measured_inferred_minutes,hawkeye_measured_clock_hh,hawkeye_measured_clock_mm,movement_inferred_clock_hh,movement_inferred_clock_mm,diff_clock_hh,diff_clock_mm,hawkeye_measured_clock_label,movement_inferred_clock_label,diff_clock_label
,Fry, Jace,605240,L,FC,31,84.8,2441,4.8,0.21678289362909967,0.1913376575915014,346.9178075449522,21.234144655179676,Cutter,19,390,315,-34.31633711022744,34.316337110227465,75,6,30,5,15,1,15,6:30,5:15,+1H 15M
,Burr, Ryan,621114,R,FC,237,86.7,2313,6.1,0.28213006980842015,0.3020566428521842,260.4166933195189,297.7875880694219,Cutter,30,555,480,-37.37089474990296,37.37089474990293,75,9,15,8,0,1,15,9:15,8:00,+1H 15M
,Gant, John,607231,R,FC,382,85.4,2615,5.8,0.2529214547845827,0.26989719972502785,178.4913692739953,210.88594000904723,Cutter,27,720,660,-32.39457073505193,32.39457073505191,60,12,0,11,0,1,0,12:00,11:00,+1H 00M
,Hill, Rich,448179,L,FC,67,83.8,2428,9.7,0.4203600915108077,0.4707282309598331,183.3370613745809,164.78777986530645,Cutter,47,720,750,18.549281509274465,18.54928150927446,-30,12,0,12,30,0,30,12:00,12:30,-0H 30M
,King, John,667463,L,FC,68,87.3,2102,7.4,0.34956403990354296,0.5322815031423649,215.55263787066133,189.7776595874297,Cutter,53,645,705,25.774978283231633,25.77497828323164,-60,10,45,11,45,1,0,10:45,11:45,-1H 00M
,Rea, Colin,607067,R,FC,26,86.1,2132,7,0.3386764797101297,0.43789031277923013,169.95108950010663,206.43417812510495,Cutter,44,735,660,-36.48308862499832,36.483088624998295,75,12,15,11,0,1,15,12:15,11:00,+1H 15M
,Ryan, Kyle,594986,L,FC,33,86.5,1953,7.1,0.3544401262298528,0.48096796149302445,183.3578037071929,151.81572913053907,Cutter,48,720,60,31.542074576653818,31.542074576653807,-60,12,0,1,0,1,0,12:00,1:00,-1H 00M
,Darvish, Yu,506433,R,FC,923,86.6,2776,6.6,0.27888935539257326,0.3060071794807576,239.7190871936608,268.8313518108951,Cutter,31,600,540,-29.112264617234302,29.112264617234338,60,10,0,9,0,1,0,10:00,9:00,+1H 00M
,Davis, Wade,451584,R,FC,242,88.6,2685,7.8,0.3385132187846563,0.382796737808497,195.48576980739105,226.9434634170114,Cutter,38,690,630,-31.45769360962035,31.457693609620343,60,11,30,10,30,1,0,11:30,10:30,+1H 00M
,Gallen, Zac,668678,R,FC,175,90.3,2244,10.8,0.517414594102541,0.6098331900906353,178.70350007995617,202.61776241058968,Cutter,61,720,675,-23.914262330633505,23.91426233063349,45,12,0,11,15,0,45,12:00,11:15,+0H 45M
,Gray, Sonny,543243,R,FC,116,83.9,2584,8.1,0.35485663064852946,0.40878965923968624,284.3120701263738,309.11911029527096,Cutter,41,510,465,-24.807040168897174,24.807040168897164,45,8,30,7,45,0,45,8:30,7:45,+0H 45M
,Lauer, Eric,641778,L,FC,335,90.3,2344,12.4,0.5832812652873102,0.6915797212905029,205.90555026828613,198.3382934838088,Cutter,69,675,690,7.567256784477337,7.567256784477352,-15,11,15,11,30,0,15,11:15,11:30,-0H 15M
,Lester, Jon,452657,L,FC,606,86.4,2306,9.9,0.4500325241288401,0.5495175995214987,199.0820732283296,167.47603097606535,Cutter,55,675,750,31.606042252264245,31.606042252264267,-75,11,15,12,30,1,15,11:15,12:30,-1H 15M
,Loup, Aaron,571901,L,FC,273,84.7,2423,2.4,0.10445866508556274,0.14389080174036767,107.08538582191986,84.2331508293246,Cutter,14,150,195,22.852234992595257,22.852234992595253,-45,2,30,3,15,0,45,2:30,3:15,-0H 45M
,Lynn, Lance,458681,R,FC,774,88.7,2540,5.6,0.2473662023662729,0.33039460102479046,187.85877555813462,221.2793871871307,Cutter,33,705,630,-33.420611628996085,33.42061162899609,75,11,45,10,30,1,15,11:45,10:30,+1H 15M
,Maton, Phil,664208,R,FC,85,88,2550,7.3,0.32119346414583394,0.357167950639006,226.88693269510634,260.9458935074895,Cutter,36,630,555,-34.058960812383134,34.058960812383134,75,10,30,9,15,1,15,10:30,9:15,+1H 15M
,May, Dustin,669160,R,FC,67,93.1,2519,5,0.2183176827344151,0.3018525091097336,154.95368143964478,189.41991391250824,Cutter,30,765,705,-34.46623247286345,34.46623247286345,60,12,45,11,45,1,0,12:45,11:45,+1H 00M
,Miley, Wade,489119,L,FC,1195,85.4,2276,7.3,0.33670560745310496,0.46075970568430213,175.82682326699455,143.48056017804376,Cutter,46,735,75,32.34626308895079,32.346263088950806,-60,12,15,1,15,1,0,12:15,1:15,-1H 00M
,Moore, Matt,519043,L,FC,108,89.5,2223,13.6,0.6360239490959071,0.7414530746609956,206.45672268623764,187.94674318977147,Cutter,74,660,705,18.509979496466173,18.50997949646615,-45,11,0,11,45,0,45,11:00,11:45,-0H 45M
,Nola, Aaron,605400,R,FC,46,86.7,2179,6.7,0.3060660384545433,0.4653617438653938,153.16637257118225,191.1430419150486,Cutter,47,60,705,-37.97666934386635,37.97666934386636,75,1,0,11,45,1,15,1:00,11:45,+1H 15M
,Nolin, Sean,543594,L,FC,117,82.3,2015,6.7,0.3198746412795876,0.47610152582466125,170.03794750405282,132.02688115114665,Cutter,48,735,90,38.01106635290617,38.01106635290618,-75,12,15,1,30,1,15,12:15,1:30,-1H 15M
,Osich, Josh,592612,L,FC,147,87.2,2230,5.3,0.249506982768367,0.3010739793042068,199.96125655732737,155.0518452412602,Cutter,30,675,765,44.90941131606718,44.90941131606721,-90,11,15,12,45,1,30,11:15,12:45,-1H 30M
,Ponce, Cody,664074,R,FC,134,89.4,2320,7.8,0.36950053983663717,0.49900325401129947,177.49643910704202,212.72937321734892,Cutter,50,720,660,-35.2329341103069,35.23293411030693,60,12,0,11,0,1,0,12:00,11:00,+1H 00M
,Shaw, Bryan,543766,R,FC,1064,92.8,2404,7.8,0.36081519942612067,0.43783925889779207,191.09496408775718,225.09755909120116,Cutter,44,705,630,-34.002595003443986,34.00259500344401,75,11,45,10,30,1,15,11:45,10:30,+1H 15M
,Smith, Drew,622098,R,FC,192,87.9,2658,8.3,0.36021068676792534,0.3638210379258805,213.41615151249678,247.8699030405088,Cutter,36,660,585,-34.45375152801202,34.45375152801196,75,11,0,9,45,1,15,11:00,9:45,+1H 15M
,Smyly, Drew,592767,L,FC,242,87.6,1961,10.9,0.5420087479374104,0.7072645549263404,214.63628345963917,199.19188147193472,Cutter,71,645,675,15.444401987704452,15.444401987704465,-30,10,45,11,15,0,30,10:45,11:15,-0H 30M
,Webb, Logan,657277,R,FC,28,91.4,2232,6.3,0.2972271959931135,0.5003164903674883,133.60910925722922,157.13351600490708,Cutter,50,90,765,-23.524406747677858,23.52440674767785,45,1,30,12,45,0,45,1:30,12:45,+0H 45M
,Young, Alex,622065,L,FC,191,86,2410,8.4,0.38309506983129493,0.4007945092716786,210.12729691515096,172.96550833013558,Cutter,40,660,735,37.16178858501539,37.16178858501538,-75,11,0,12,15,1,15,11:00,12:15,-1H 15M
,Zeuch, T.J.,643615,R,FC,43,86.8,1986,6.8,0.3238230600225673,0.3814680375631174,157.6220420361301,189.1244345252604,Cutter,38,765,705,-31.5023924891303,31.502392489130322,60,12,45,11,45,1,0,12:45,11:45,+1H 00M
,Davies, Zach,605200,R,FC,193,86.6,2091,12.9,0.6251539045274226,0.7801619174712555,140.14618083283716,157.33229989982112,Cutter,78,75,765,-17.186119066983963,17.186119066983956,30,1,15,12,45,0,30,1:15,12:45,+0H 30M
,Fedde, Erick,607200,R,FC,552,89.4,2050,7,0.33655207781159524,0.4498633804792491,183.08739511906435,216.17607248365996,Cutter,45,720,645,-33.08867736459561,33.08867736459565,75,12,0,10,45,1,15,12:00,10:45,+1H 15M
,Foster, Matt,641582,R,FC,25,90.5,2327,14.2,0.6558955738646464,0.7525777485332602,176.54588578502404,191.86267965401984,Cutter,75,720,690,-15.316793868995802,15.316793868995786,30,12,0,11,30,0,30,12:00,11:30,+0H 30M
,Garcia, Luis,677651,R,FC,562,86.1,2379,8,0.3550332082314167,0.3799177125196534,210.6403666738582,240.0569317739125,Cutter,38,660,600,-29.4165651000543,29.416565100054274,60,11,0,10,0,1,0,11:00,10:00,+1H 00M
,Gibson, Kyle,502043,R,FC,425,89.5,2367,7.5,0.3426602620849762,0.518471239080754,168.46249017626968,194.86455758917808,Cutter,52,750,690,-26.402067412908394,26.4020674129084,60,12,30,11,30,1,0,12:30,11:30,+1H 00M
,Godley, Zack,643327,R,FC,36,88.5,2324,6.8,0.310226342473765,0.43129925829393745,141.9853096838098,174.0683394235123,Cutter,43,75,735,-32.08302973970251,32.083029739702525,60,1,15,12,15,1,0,1:15,12:15,+1H 00M
,Harris, Will,501789,R,FC,105,90.1,2360,13.4,0.614091525297454,0.6985226716734552,175.84551889870116,197.00379349435437,Cutter,70,735,690,-21.15827459565321,21.158274595653214,45,12,15,11,30,0,45,12:15,11:30,+0H 45M
,Junis, Jakob,596001,R,FC,108,88.8,2303,7.7,0.3593685320987511,0.43566878424520245,154.89336463580696,192.6449483203827,Cutter,44,765,690,-37.751583684575735,37.751583684575735,75,12,45,11,30,1,15,12:45,11:30,+1H 15M
,Kay, Anthony,641743,L,FC,70,88,2473,4.8,0.20983547794087778,0.24412574652512142,162.01483142828505,138.66041922501137,Cutter,24,750,90,23.354412203273682,23.354412203273693,-60,12,30,1,30,1,0,12:30,1:30,-1H 00M
,Kennedy, Ian,453178,R,FC,34,84.2,2224,7.5,0.3338859862354798,0.3699559595506498,280.7432617614344,266.27371696917635,Cutter,37,525,540,14.469544792258034,14.469544792257999,-15,8,45,9,0,0,15,8:45,9:00,-0H 15M
,Knehr, Reiss,663753,R,FC,78,88.5,2290,5.4,0.2512074801684492,0.3824681374285823,185.32278069847965,211.39745871112896,Cutter,38,705,660,-26.074678012649315,26.074678012649354,45,11,45,11,0,0,45,11:45,11:00,+0H 45M
,Kremer, Dean,665152,R,FC,207,87.2,2482,9.2,0.40184371467176,0.5184125204983895,190.3922980290255,209.80786016133425,Cutter,52,705,660,-19.415562132308736,19.415562132308732,45,11,45,11,0,0,45,11:45,11:00,+0H 45M
,Mayers, Mike,594577,R,FC,361,91.2,2327,11.2,0.5117529249680376,0.6402084609175606,155.5939417779903,173.3145055185667,Cutter,64,765,735,-17.72056374057641,17.720563740576413,30,12,45,12,15,0,30,12:45,12:15,+0H 30M
,Mazza, Chris,607391,R,FC,144,87.1,2273,7.6,0.34193923936879383,0.44175338396929503,167.75535458512354,197.60339961796,Cutter,44,750,690,-29.848045032836467,29.84804503283649,60,12,30,11,30,1,0,12:30,11:30,+1H 00M
,Minter, A.J.,621345,L,FC,383,89,2542,6.5,0.2912945916057958,0.28845869035690463,152.68356048425358,115.79474179650967,Cutter,29,60,135,36.88881868774391,36.88881868774389,-75,1,0,2,15,1,15,1:00,2:15,-1H 15M
,Nelson, Kyle,669459,L,FC,70,89,2475,8.8,0.40019254202602866,0.4408098473413398,171.55214480675113,141.02913418250773,Cutter,44,735,75,30.523010624243398,30.52301062424341,-60,12,15,1,15,1,0,12:15,1:15,-1H 00M
,Plutko, Adam,592644,R,FC,329,87.7,2386,10,0.4454553312229664,0.6175246461659283,181.8721303070918,201.09355849840864,Cutter,62,720,675,-19.221428191316846,19.221428191316853,45,12,0,11,15,0,45,12:00,11:15,+0H 45M
,Price, David,456034,L,FC,235,88.9,2004,7.7,0.38270293023558044,0.5763920566820563,214.34243769970703,182.63056383962692,Cutter,58,645,720,31.711873860080118,31.711873860080114,-75,10,45,12,0,1,15,10:45,12:00,-1H 15M
,Smith, Riley,642092,R,FC,107,84.2,2153,5.6,0.2654853402136502,0.3254980451103988,196.95734060734742,184.76141101681893,Cutter,33,690,705,12.195929590528493,12.195929590528515,-15,11,30,11,45,0,15,11:30,11:45,-0H 15M
,Tomlin, Josh,458708,R,FC,380,86,2557,10.5,0.46175079270281805,0.5291567218232496,174.85636237393675,201.35998703859445,Cutter,53,735,675,-26.503624664657707,26.503624664657696,60,12,15,11,15,1,0,12:15,11:15,+1H 00M
,Trivino, Lou,642152,R,FC,205,93,2236,9.6,0.4553266474600172,0.6266670447540275,161.24424287598794,162.50285689288808,Cutter,63,765,750,-1.2586140169001396,1.2586140169001347,15,12,45,12,30,0,15,12:45,12:30,+0H 15M
,Voth, Austin,608723,R,FC,139,90.2,2424,7.4,0.33620214095486,0.49365693225178997,185.7436172822475,210.5471780049155,Cutter,49,705,660,-24.80356072266801,24.80356072266804,45,11,45,11,0,0,45,11:45,11:00,+0H 45M
,Wade, Konner,592831,R,FC,75,87.6,2124,10.7,0.5037652978875758,0.6238519956158426,148.5776619248416,167.62758206532234,Cutter,62,60,750,-19.049920140480737,19.049920140480726,30,1,0,12,30,0,30,1:00,12:30,+0H 30M
,Weaver, Luke,596133,R,FC,68,87.4,2384,10,0.46546846873785597,0.5449246719386936,177.31830140318942,203.12615812155815,Cutter,54,720,675,-25.807856718368726,25.807856718368722,45,12,0,11,15,0,45,12:00,11:15,+0H 45M
,Winkler, Dan,595465,R,FC,522,91.2,2554,11.8,0.5314679117001807,0.5845676001187168,164.84951806673527,184.26272387173668,Cutter,58,750,705,-19.41320580500141,19.413205805001432,45,12,30,11,45,0,45,12:30,11:45,+0H 45M
,Allard, Kolby,663465,L,FC,508,86.3,2197,5.8,0.26881098787299446,0.468305613713368,179.77107579489342,151.62051936862073,Cutter,47,720,60,28.150556426272686,28.150556426272683,-60,12,0,1,0,1,0,12:00,1:00,-1H 00M
,Barnes, Jacob,606930,R,FC,214,88.6,2315,8.8,0.40275613643588726,0.44727608217102716,199.6092832085588,229.89029876174354,Cutter,45,675,615,-30.281015553184744,30.2810155531847,60,11,15,10,15,1,0,11:15,10:15,+1H 00M
,Bauer, Trevor,545333,R,FC,331,85.2,2873,6.1,0.25431849470578216,0.26849975203971116,263.4418818159414,279.000936995145,Cutter,27,555,525,-15.559055179203654,15.559055179203702,30,9,15,8,45,0,30,9:15,8:45,+0H 30M
,Benjamin, Wes,605138,L,FC,121,85.5,2300,6,0.27201456219206177,0.2954465543961239,173.30096361743904,136.24969540001698,Cutter,30,735,90,37.05126821742206,37.05126821742206,-75,12,15,1,30,1,15,12:15,1:30,-1H 15M
,Bieber, Shane,669456,R,FC,49,88.2,2630,9.8,0.4210323046427892,0.39347751823424376,160.53158389931173,190.67328262531763,Cutter,39,765,705,-30.1416987260059,30.141698726005878,60,12,45,11,45,1,0,12:45,11:45,+1H 00M
,Buchter, Ryan,488748,L,FC,33,86.7,2208,8.3,0.39120947343166423,0.5055166658728468,197.5704737520553,164.44106359156262,Cutter,51,690,750,33.12941016049268,33.12941016049268,-60,11,30,12,30,1,0,11:30,12:30,-1H 00M
,Bummer, Aaron,607481,L,FC,72,88,2267,2.5,0.11722062205704213,0.16547270813386777,131.23706507976542,87.58340953538689,Cutter,17,105,180,43.65365554437852,43.653655544378516,-75,1,45,3,0,1,15,1:45,3:00,-1H 15M
,Chavez, Jesse,445926,R,FC,218,89.1,2247,12,0.5747141372026764,0.6397772757585549,151.4850102164706,175.03189772720853,Cutter,64,60,735,-23.546887510737918,23.546887510737914,45,1,0,12,15,0,45,1:00,12:15,+0H 45M
,Civale, Aaron,650644,R,FC,472,87.7,2493,8,0.35506446398725744,0.4808003222848893,203.49922804644945,229.84442632790964,Cutter,48,675,615,-26.3451982814602,26.345198281460192,60,11,15,10,15,1,0,11:15,10:15,+1H 00M
,Colomé, Alex,517008,R,FC,777,89.5,2148,7.3,0.35018017947139307,0.5096713465233697,178.8138675485974,203.5084439373988,Cutter,51,720,675,-24.69457638880141,24.694576388801426,45,12,0,11,15,0,45,12:00,11:15,+0H 45M
,Dunning, Dane,641540,R,FC,151,85.8,2213,6.2,0.285934005116433,0.35840302730803675,169.6037926318816,209.16962290447108,Cutter,36,735,660,-39.565830272589494,39.5658302725895,75,12,15,11,0,1,15,12:15,11:00,+1H 15M
,Fleming, Josh,676596,L,FC,436,86.3,1853,5.8,0.2891289818590976,0.4709984953993167,227.3389336156377,184.48445136943138,Cutter,47,630,705,42.85448224620632,42.85448224620629,-75,10,30,11,45,1,15,10:30,11:45,-1H 15M
,Flexen, Chris,623167,R,FC,825,89.1,2299,8.3,0.3779707393335771,0.5391834782057144,194.96719114498228,220.27878528321997,Cutter,54,690,645,-25.311594138237695,25.31159413823766,45,11,30,10,45,0,45,11:30,10:45,+0H 45M
,Garza, Justin,621057,R,FC,147,89.8,2326,6.9,0.3235986180915044,0.4653838643522513,179.4054529272005,207.40527660542784,Cutter,47,720,660,-27.99982367822733,27.999823678227305,60,12,0,11,0,1,0,12:00,11:00,+1H 00M
,Greene, Shane,572888,R,FC,137,87.4,2458,9.4,0.4214806195448022,0.4221663151238129,184.6077918701888,216.85719333787645,Cutter,42,705,645,-32.24940146768765,32.249401467687676,60,11,45,10,45,1,0,11:45,10:45,+1H 00M
,Hatch, Thomas,641672,R,FC,32,85,2511,6.1,0.26658481543522566,0.31597743561338626,226.95713962052363,259.6052176967732,Cutter,32,630,555,-32.64807807624956,32.64807807624953,75,10,30,9,15,1,15,10:30,9:15,+1H 15M
,Helsley, Ryan,664854,R,FC,278,88.2,2451,6.2,0.2825425269986096,0.3446965114894596,200.31083726510533,223.40468815444126,Cutter,34,675,630,-23.093850889335926,23.093850889335933,45,11,15,10,30,0,45,11:15,10:30,+0H 45M
,Hicks, Jordan,663855,R,FC,52,87.2,2394,7.5,0.326870341893437,0.30958875728307134,299.0145761347997,254.95666007152053,Cutter,31,480,570,44.05791606327918,44.057916063279144,-90,8,0,9,30,1,30,8:00,9:30,-1H 30M
,Hunter, Tommy,488984,R,FC,46,89.6,2507,10.5,0.46185837883366365,0.5329592020507324,177.5684831385444,202.5065077956226,Cutter,53,720,675,-24.938024657078216,24.938024657078245,45,12,0,11,15,0,45,12:00,11:15,+0H 45M
,Kluber, Corey,446372,R,FC,360,87.6,2458,7.9,0.343333248771077,0.36069836035119157,179.6103148093738,213.92443227596164,Cutter,36,720,645,-34.314117466587845,34.31411746658785,75,12,0,10,45,1,15,12:00,10:45,+1H 15M
,LeBlanc, Wade,453281,L,FC,221,85,2026,9.5,0.467424825460584,0.6422243417642846,207.19429780092045,177.78521568667753,Cutter,64,660,720,29.40908211424292,29.409082114242942,-60,11,0,12,0,1,0,11:00,12:00,-1H 00M
,Luetge, Lucas,476595,L,FC,764,88.3,2554,8.3,0.3615424132500752,0.43850128187411724,166.20326313331788,139.63998150285113,Cutter,44,750,75,26.563281630466747,26.56328163046675,-45,12,30,1,15,0,45,12:30,1:15,-0H 45M
,Lyles, Jordan,543475,R,FC,84,86.3,2544,6.5,0.2845379608938479,0.28671620368676143,234.83974301211853,271.7301945528708,Cutter,29,615,540,-36.89045154075225,36.89045154075223,75,10,15,9,0,1,15,10:15,9:00,+1H 15M
,López, Pablo,641154,R,FC,225,91.6,2199,8.7,0.41110134746906235,0.5721548473056733,144.54276825348813,166.1607366746462,Cutter,57,75,750,-21.617968421158054,21.61796842115807,45,1,15,12,30,0,45,1:15,12:30,+0H 45M
,Martin, Chris,455119,R,FC,123,90.9,2077,5.4,0.2694738081853668,0.45522186880254994,173.31270408364156,216.68492780081925,Cutter,46,735,645,-43.37222371717769,43.37222371717769,90,12,15,10,45,1,30,12:15,10:45,+1H 30M
,Musgrove, Joe,605397,R,FC,549,90.7,2635,7.9,0.34156206408680956,0.40082296214474983,165.40875119397862,194.99429077999517,Cutter,40,750,690,-29.58553958601655,29.585539586016555,60,12,30,11,30,1,0,12:30,11:30,+1H 00M
,Newcomb, Sean,656794,L,FC,169,87.5,2702,5.8,0.25547666328072527,0.2263022474738996,117.0907732373359,77.40084953139223,Cutter,23,120,210,39.68992370594367,39.68992370594366,-90,2,0,3,30,1,30,2:00,3:30,-1H 30M
,Parker, Blake,453284,R,FC,79,88.9,2076,9.7,0.47243106198232654,0.6883766292921284,176.71287790103307,204.81842226848988,Cutter,69,720,675,-28.105544367456815,28.105544367456805,45,12,0,11,15,0,45,12:00,11:15,+0H 45M
,Phelps, David,475479,R,FC,56,90.4,2443,14.5,0.640978102751948,0.6096403564193719,164.61989179234183,177.6481029614554,Cutter,61,750,720,-13.028211169113575,13.028211169113556,30,12,30,12,0,0,30,12:30,12:00,+0H 30M
,Raley, Brooks,548384,L,FC,273,87.6,2540,7.8,0.3412322722052815,0.40160678839001185,179.01481968967929,141.23017549748738,Cutter,40,720,75,37.784644192191905,37.7846441921919,-75,12,0,1,15,1,15,12:00,1:15,-1H 15M
,Ramirez, Nick,598286,L,FC,55,87.7,2183,10.1,0.472084341175047,0.6106608741655148,221.8920605929327,198.12403635779103,Cutter,61,630,690,23.768024235141667,23.768024235141638,-60,10,30,11,30,1,0,10:30,11:30,-1H 00M
,Ryu, Hyun Jin,547943,L,FC,662,86.3,2001,7.9,0.37968834410237995,0.5483651083625353,201.50539858781232,178.7346790735188,Cutter,55,675,720,22.770719514293518,22.7707195142935,-45,11,15,12,0,0,45,11:15,12:00,-0H 45M
,Sadler, Casey,594987,R,FC,232,88.2,2512,6.6,0.28231278786329733,0.27093821110160893,189.42783617863054,227.5960721722602,Cutter,27,705,630,-38.16823599362965,38.168235993629644,75,11,45,10,30,1,15,11:45,10:30,+1H 15M
,Scherzer, Max,453286,R,FC,256,90.2,2475,8.4,0.3774799023979392,0.4937477361322082,152.15890673539232,175.3007008565868,Cutter,49,60,735,-23.141794121194465,23.141794121194458,45,1,0,12,15,0,45,1:00,12:15,+0H 45M
,Scrubb, Andre,668687,R,FC,191,93.9,2360,15.3,0.7004094190672252,0.6884976746200934,182.34770322337673,196.65764144791714,Cutter,69,720,690,-14.309938224540417,14.309938224540426,30,12,0,11,30,0,30,12:00,11:30,+0H 30M
,Stewart, Kohl,640464,R,FC,89,88.2,2292,7.4,0.33840200529135117,0.5190264223176828,187.1341792160193,216.1460050171409,Cutter,52,705,645,-29.011825801121603,29.011825801121564,60,11,45,10,45,1,0,11:45,10:45,+1H 00M
,Suero, Wander,593833,R,FC,569,92,2522,13.2,0.5933648037011735,0.6001220436098933,168.32972380662338,188.20259100144534,Cutter,60,750,705,-19.872867194821964,19.87286719482197,45,12,30,11,45,0,45,12:30,11:45,+0H 45M
,Vincent, Nick,543883,R,FC,73,86.3,2457,9.1,0.408722876087646,0.44510564244308465,183.13746970358525,215.8230912329813,Cutter,45,720,645,-32.68562152939606,32.685621529396094,75,12,0,10,45,1,15,12:00,10:45,+1H 15M
,Wantz, Andrew,681806,R,FC,139,88.3,2515,7.5,0.3334055770413191,0.3822356048495337,199.7323866213016,233.70231210731077,Cutter,38,675,615,-33.969925486009174,33.96992548600917,60,11,15,10,15,1,0,11:15,10:15,+1H 00M
,Andriese, Matt,542882,R,FC,43,85.8,2474,3.8,0.1643683560346391,0.19955351378287425,208.85330080149998,245.50986817151875,Cutter,20,660,585,-36.65656737001876,36.65656737001876,75,11,0,9,45,1,15,11:00,9:45,+1H 15M
,Arihara, Kohei,685503,R,FC,87,87,2160,8.3,0.3850183148582118,0.5864739081038826,160.6359571567349,179.37206886010537,Cutter,59,765,720,-18.736111703370483,18.736111703370504,45,12,45,12,0,0,45,12:45,12:00,+0H 45M
,Bassitt, Chris,605135,R,FC,435,88.8,2221,9,0.41365200590122786,0.4976316842948763,164.93621932218875,187.00374996724,Cutter,50,750,705,-22.06753064505125,22.067530645051253,45,12,30,11,45,0,45,12:30,11:45,+0H 45M
,Bruihl, Justin,677865,L,FC,147,88.2,2354,7.1,0.3282318935479503,0.3668110280865407,186.66951478924432,148.53053759876784,Cutter,37,705,60,38.13897719047648,38.138977190476496,-75,11,45,1,0,1,15,11:45,1:00,-1H 15M
,Burnes, Corbin,669203,R,FC,1331,95.2,2767,11.6,0.514277984584558,0.526508678586835,177.43216488924782,204.59688114500563,Cutter,53,720,675,-27.16471625575781,27.164716255757803,45,12,0,11,15,0,45,12:00,11:15,+0H 45M
,Cahill, Trevor,502239,R,FC,123,85.2,2211,5.3,0.2422247559079021,0.2779424088771397,144.91058724053755,176.09404748526052,Cutter,28,75,735,-31.183460244722966,31.18346024472295,60,1,15,12,15,1,0,1:15,12:15,+1H 00M
,Cortes, Nestor,641482,L,FC,359,85.4,2351,8.1,0.3643490368049176,0.40426793288057417,167.93537048854336,131.04448876323332,Cutter,40,750,105,36.89088172531004,36.890881725310045,-75,12,30,1,45,1,15,12:30,1:45,-1H 15M
,Detwiler, Ross,446321,L,FC,317,85.2,2059,4.8,0.22515100094487978,0.23285386276965644,191.96536591900315,169.02049531896563,Cutter,23,690,735,22.944870600037518,22.94487060003751,-45,11,30,12,15,0,45,11:30,12:15,-0H 45M
,Enns, Dietrich,608650,L,FC,126,85.8,2115,4.6,0.2163528249219252,0.23473619287496644,156.83731185072207,102.61796073431019,Cutter,23,765,150,54.219351116411886,54.2193511164119,-105,12,45,2,30,1,45,12:45,2:30,-1H 45M
,Fulmer, Carson,608334,R,FC,98,86.6,2634,5.9,0.2523067050888985,0.251464533625027,233.35543704449083,268.61845551062856,Cutter,25,615,540,-35.26301846613774,35.26301846613774,75,10,15,9,0,1,15,10:15,9:00,+1H 15M
,Gilbert, Tyler,656457,L,FC,271,86.3,2241,9.7,0.4649507774717794,0.5149703231348833,192.9453065432407,165.9771164543739,Cutter,51,690,750,26.968190088866777,26.968190088866777,-60,11,30,12,30,1,0,11:30,12:30,-1H 00M
,Jansen, Kenley,445276,R,FC,613,92.5,2677,18.5,0.8189548979970483,0.7817079724771827,195.59656158645225,205.39346402050222,Cutter,78,690,675,-9.796902434049969,9.796902434049981,15,11,30,11,15,0,15,11:30,11:15,+0H 15M
,Kelly, Merrill,518876,R,FC,333,90.9,2320,12.2,0.577854614346197,0.6691045000534722,150.9679835767575,172.32802572830434,Cutter,67,60,735,-21.36004215154685,21.36004215154685,45,1,0,12,15,0,45,1:00,12:15,+0H 45M
,Kikuchi, Yusei,579328,L,FC,893,91.3,2303,8.8,0.4022052345072939,0.5682363513202567,203.19804668065493,178.4928737692881,Cutter,57,675,720,24.705172911366816,24.70517291136681,-45,11,15,12,0,0,45,11:15,12:00,-0H 45M
,Krehbiel, Joey,607216,R,FC,56,87.5,2485,8.7,0.37701578206545094,0.401737825786232,210.06765602198203,244.3815645481699,Cutter,40,660,585,-34.31390852618787,34.313908526187866,75,11,0,9,45,1,15,11:00,9:45,+1H 15M
,Leone, Dominic,608678,R,FC,197,90.1,2475,6.4,0.28378425805274937,0.3371779509264973,191.3908675886102,222.23233514771914,Cutter,34,690,630,-30.841467559108935,30.84146755910896,60,11,30,10,30,1,0,11:30,10:30,+1H 00M
,Lindblom, Josh,458676,R,FC,54,86.2,2453,9.8,0.4313588731617067,0.4949378925063653,168.1397836400262,200.41196969496437,Cutter,49,750,675,-32.272186054938174,32.272186054938174,75,12,30,11,15,1,15,12:30,11:15,+1H 15M
,McHugh, Collin,543521,R,FC,320,87.5,2501,7.3,0.3207332742377338,0.36073259329164153,170.40050953896912,205.3294061235643,Cutter,36,735,675,-34.92889658459518,34.928896584595165,60,12,15,11,15,1,0,12:15,11:15,+1H 00M
,Melancon, Mark,453343,R,FC,648,92,2259,10,0.4655204396134667,0.626572422142162,174.4572900872258,187.38594492118267,Cutter,63,735,705,-12.92865483395687,12.92865483395686,30,12,15,11,45,0,30,12:15,11:45,+0H 30M
,Miller, Shelby,571946,R,FC,61,88.7,2268,6.5,0.29967929077461347,0.519453589736059,184.23361653518432,198.93778721737183,Cutter,52,705,675,-14.70417068218751,14.704170682187506,30,11,45,11,15,0,30,11:45,11:15,+0H 30M
,Odorizzi, Jake,543606,R,FC,183,86.8,2058,10.5,0.4992474367476208,0.6304499229823858,184.12118091953815,201.95884173848353,Cutter,63,705,675,-17.83766081894538,17.8376608189454,30,11,45,11,15,0,30,11:45,11:15,+0H 30M
,Ohtani, Shohei,660271,R,FC,243,86.9,2268,5.4,0.24316910435603348,0.35605047114022914,210.08792254507892,232.07517221569975,Cutter,36,660,615,-21.987249670620827,21.987249670620862,45,11,0,10,15,0,45,11:00,10:15,+0H 45M
,Pagán, Emilio,641941,R,FC,411,86.4,2334,4.3,0.1917835083545481,0.2925571987504274,204.7286889667047,236.00033035593077,Cutter,29,675,615,-31.271641389226062,31.271641389226087,60,11,15,10,15,1,0,11:15,10:15,+1H 00M
,Solomon, Peter,656981,R,FC,32,86.8,2238,5.2,0.23612940021711745,0.3634118013809306,163.70579589338465,184.80486363342453,Cutter,36,750,705,-21.099067740039885,21.099067740039875,45,12,30,11,45,0,45,12:30,11:45,+0H 45M
,Stammen, Craig,489334,R,FC,288,89.1,2293,9.2,0.42055767899743807,0.6263602640520533,166.04835556704046,184.2993416196831,Cutter,63,750,705,-18.250986052642645,18.25098605264265,45,12,30,11,45,0,45,12:30,11:45,+0H 45M
,Thompson, Zach,605507,R,FC,419,87.1,2545,6.1,0.2661941374867298,0.2944618155888168,187.80828112102253,223.21252344306416,Cutter,29,705,630,-35.404242322041625,35.40424232204164,75,11,45,10,30,1,15,11:45,10:30,+1H 15M
,Treinen, Blake,595014,R,FC,322,93.3,2484,7.7,0.3558157507800272,0.3957439141333934,150.204975496631,185.45292159690487,Cutter,40,60,705,-35.24794610027388,35.24794610027387,75,1,0,11,45,1,15,1:00,11:45,+1H 15M
,Wacha, Michael,608379,R,FC,482,89.1,2067,9.6,0.45472302287871674,0.5579306957338893,172.78013912576523,199.35377048522983,Cutter,56,735,675,-26.5736313594646,26.57363135946459,60,12,15,11,15,1,0,12:15,11:15,+1H 00M
,Wilson, Justin,458677,L,FC,214,89.5,2354,11.6,0.5268568861471259,0.5746790205267853,183.66193712204694,158.408913047316,Cutter,57,720,765,25.253024074730945,25.25302407473093,-45,12,0,12,45,0,45,12:00,12:45,-0H 45M
,Wittgren, Nick,621295,R,FC,101,88.2,2322,7.2,0.3336878241734528,0.3660667767679611,177.084095301165,216.0350573441792,Cutter,37,720,645,-38.95096204301419,38.95096204301419,75,12,0,10,45,1,15,12:00,10:45,+1H 15M
,Yajure, Miguel,664337,R,FC,41,87.1,2543,9.1,0.3881828708267194,0.4506295597271296,167.0253089856413,196.98761705428024,Cutter,45,750,690,-29.962308068638947,29.962308068638947,60,12,30,11,30,1,0,12:30,11:30,+1H 00M
,de Geus, Brett,676969,R,FC,224,88.4,2101,5.7,0.2797769564527278,0.2821641686621297,171.54499112385983,167.59707632837262,Cutter,28,735,750,3.9479147954872076,3.9479147954871876,-15,12,15,12,30,0,15,12:15,12:30,-0H 15M
,Alvarado, José,621237,L,FC,169,94.1,2255,4.8,0.22905142236521708,0.32542313258379973,194.48097946314542,161.5575826111084,Cutter,33,690,750,32.92339685203703,32.923396852036994,-60,11,30,12,30,1,0,11:30,12:30,-1H 00M
,Alzolay, Adbert,640470,R,FC,129,90.2,2367,7.1,0.3263898217779127,0.49986384281842255,183.40388280269434,213.08514148106136,Cutter,50,720,660,-29.681258678367016,29.681258678366987,60,12,0,11,0,1,0,12:00,11:00,+1H 00M
,Anderson, Brett,474463,L,FC,112,85.7,2040,8.7,0.4172022591318567,0.563571963786022,198.10974053160223,171.77190272993292,Cutter,56,690,735,26.33783780166931,26.337837801669302,-45,11,30,12,15,0,45,11:30,12:15,-0H 45M
,Anderson, Chase,502624,R,FC,186,86.6,2294,8.8,0.3993190201838056,0.4752860928553479,189.26206334477234,216.295202211986,Cutter,48,705,645,-27.033138867213665,27.033138867213637,60,11,45,10,45,1,0,11:45,10:45,+1H 00M
,Anderson, Tyler,542881,L,FC,701,85,2487,9.2,0.40585998472323415,0.46666848215919016,194.53841493443787,163.11434311335964,Cutter,47,690,750,31.42407182107823,31.424071821078254,-60,11,30,12,30,1,0,11:30,12:30,-1H 00M
,Bielak, Brandon,656232,R,FC,44,90,2437,7.9,0.36003597112394065,0.45908295771785157,171.98546918064125,202.10015049651824,Cutter,46,735,675,-30.114681315876993,30.11468131587699,60,12,15,11,15,1,0,12:15,11:15,+1H 00M
,Blackburn, Paul,621112,R,FC,174,87,2427,7.2,0.3211536540022814,0.439510684559426,208.9995535667489,238.48645763071477,Cutter,44,660,600,-29.48690406396588,29.486904063965895,60,11,0,10,0,1,0,11:00,10:00,+1H 00M
,Bleier, Richard,542947,L,FC,155,87.3,1965,4.6,0.225009952537304,0.37987263770164786,205.4366187321515,164.02072513953513,Cutter,38,675,750,41.41589359261636,41.41589359261636,-75,11,15,12,30,1,15,11:15,12:30,-1H 15M
,Brogdon, Connor,641401,R,FC,177,88.6,2244,12.2,0.562454152822756,0.6204011567186096,164.50264583222145,186.19752073115225,Cutter,62,750,705,-21.694874898930806,21.69487489893081,45,12,30,11,45,0,45,12:30,11:45,+0H 45M
,Buehler, Walker,621111,R,FC,509,91.6,2623,10.2,0.45420945683290165,0.4612248815507942,196.12781250004076,221.93168274864857,Cutter,46,690,630,-25.803870248607808,25.803870248607836,60,11,30,10,30,1,0,11:30,10:30,+1H 00M
,Chatwood, Tyler,543022,R,FC,212,88.9,2711,5.8,0.24993355594833466,0.2522468555100427,239.88769415901703,278.863295086364,Cutter,25,600,525,-38.97560092734699,38.975600927346974,75,10,0,8,45,1,15,10:00,8:45,+1H 15M
,Clase, Emmanuel,661403,R,FC,720,100.2,2579,10.6,0.489842342786201,0.5883473230039417,182.36788343411055,196.65984810910408,Cutter,59,720,690,-14.291964674993523,14.29196467499353,30,12,0,11,30,0,30,12:00,11:30,+0H 30M
,Eovaldi, Nathan,543135,R,FC,364,92.5,2280,11,0.5075448783284044,0.6920657718132083,165.44566943240108,184.2637284788524,Cutter,69,750,705,-18.81805904645134,18.81805904645135,45,12,30,11,45,0,45,12:30,11:45,+0H 45M
,Evans, Demarcus,663770,R,FC,127,86,2457,12.1,0.5345562578662406,0.5303743361011958,190.2038203914336,216.29861980115072,Cutter,53,705,645,-26.094799409717126,26.094799409717094,60,11,45,10,45,1,0,11:45,10:45,+1H 00M
,Gonzales, Marco,594835,L,FC,327,85.5,2115,13,0.6040324137948999,0.7392416884249715,206.3274681757093,192.2021288474783,Cutter,74,660,690,14.125339328231007,14.125339328231007,-30,11,0,11,30,0,30,11:00,11:30,-0H 30M
,Howard, Spencer,675921,R,FC,131,87.9,2182,7.3,0.34865818327341536,0.45699225621883766,186.92226586829312,215.8397953773426,Cutter,46,705,645,-28.917529509049473,28.917529509049466,60,11,45,10,45,1,0,11:45,10:45,+1H 00M
,Keuchel, Dallas,572971,L,FC,660,85.1,2213,7.4,0.34189491459765575,0.3919449353615918,188.1301456622585,164.66134866545343,Cutter,39,705,750,23.468796996805082,23.468796996805086,-45,11,45,12,30,0,45,11:45,12:30,-0H 45M
,Morton, Charlie,450203,R,FC,253,87.5,2423,4.6,0.20794352751058617,0.23147497753017782,188.54359745118958,230.27267802908534,Cutter,23,705,615,-41.72908057789576,41.729080577895736,90,11,45,10,15,1,30,11:45,10:15,+1H 30M
,Petit, Yusmeiro,433589,R,FC,253,84.5,2136,16.4,0.7515230743526475,0.803521150399943,169.58367454238996,176.3781637375546,Cutter,80,735,720,-6.79448919516463,6.794489195164611,15,12,15,12,0,0,15,12:15,12:00,+0H 15M
,Pérez, Martín,527048,L,FC,537,89.6,2225,10.3,0.47484977720723975,0.6130785885455533,207.84443741297457,181.38953779687347,Cutter,61,660,720,26.454899616101102,26.454899616101095,-60,11,0,12,0,1,0,11:00,12:00,-1H 00M
,Rucker, Michael,621074,R,FC,135,89.2,2427,5.7,0.2651786326615637,0.3000746674496639,195.84139547787032,231.83257586127587,Cutter,30,690,615,-35.99118038340555,35.99118038340554,75,11,30,10,15,1,15,11:30,10:15,+1H 15M
,Stroman, Marcus,573186,R,FC,414,89.9,2593,5.6,0.2464453925619529,0.28922814784419965,179.5115810618175,213.86092304908172,Cutter,29,720,645,-34.34934198726421,34.34934198726421,75,12,0,10,45,1,15,12:00,10:45,+1H 15M
,Thornton, Trent,663423,R,FC,191,89.9,2566,9.4,0.4146557284839532,0.47897958390427586,175.70500743227475,201.85312359355206,Cutter,48,735,675,-26.1481161612773,26.14811616127731,60,12,15,11,15,1,0,12:15,11:15,+1H 00M
,Yarbrough, Ryan,642232,L,FC,990,81.9,2117,6.4,0.28856295799724285,0.4048794640760882,187.38907551250932,156.3903250784784,Cutter,40,705,765,30.99875043403091,30.998750434030907,-60,11,45,12,45,1,0,11:45,12:45,-1H 00M
,Álvarez, José,501625,L,FC,32,85.9,2326,9.2,0.407559806767818,0.5099647644268388,194.23573192194462,164.66451071668791,Cutter,51,690,750,29.571221205256705,29.571221205256727,-60,11,30,12,30,1,0,11:30,12:30,-1H 00M
,Alexander, Tyler,641302,L,FC,578,86.2,2336,8.8,0.4019060168569382,0.4588843434877237,184.30455462309135,150.42572768903557,Cutter,46,705,60,33.87882693405578,33.8788269340558,-75,11,45,1,0,1,15,11:45,1:00,-1H 15M
,Armstrong, Shawn,542888,R,FC,219,89.3,2659,8.8,0.3762057364239688,0.4387394713148876,219.3936784301816,246.23586034543519,Cutter,44,645,585,-26.842181915253576,26.842181915253597,60,10,45,9,45,1,0,10:45,9:45,+1H 00M
,Garza Jr., Ralph,621248,R,FC,44,89.8,2223,11.3,0.5352894462259205,0.6662927853391234,169.3999748199503,191.0432865388859,Cutter,67,735,705,-21.643311718935593,21.6433117189356,30,12,15,11,45,0,30,12:15,11:45,+0H 30M
,Morimando, Shawn,596049,L,FC,60,87.2,2331,8.9,0.39693196261210206,0.5182151402103785,200.76654989017004,171.70643492083897,Cutter,52,675,735,29.060114969331067,29.060114969331078,-60,11,15,12,15,1,0,11:15,12:15,-1H 00M
,Ramírez, Erasmo,541640,R,FC,178,88.9,2335,10.7,0.49800188684772095,0.5223156022399924,169.8680132301706,196.50690215669022,Cutter,52,735,690,-26.638888926519627,26.638888926519623,45,12,15,11,30,0,45,12:15,11:30,+0H 45M
,Robertson, David,502085,R,FC,153,92.1,2557,17.9,0.788386219349087,0.7477420596768739,168.96982354121337,184.2480302751278,Cutter,75,735,705,-15.27820673391443,15.278206733914438,30,12,15,11,45,0,30,12:15,11:45,+0H 30M
,Thompson, Keegan,624522,R,FC,257,89.7,2496,7.2,0.3242818711855572,0.37379503207466436,193.54757727981223,231.42173387061496,Cutter,37,690,615,-37.87415659080273,37.87415659080277,75,11,30,10,15,1,15,11:30,10:15,+1H 15M
,Wainwright, Adam,425794,R,FC,668,84.9,2411,8.9,0.3993405883683217,0.46124416583989625,202.52909140898694,233.86685602811892,Cutter,46,675,615,-31.337764619131974,31.337764619131967,60,11,15,10,15,1,0,11:15,10:15,+1H 00M
,Watkins, Spenser,657093,R,FC,296,86.7,2367,8.9,0.4001526376761203,0.5309843510677733,198.81205726435454,224.50455653012642,Cutter,53,675,630,-25.692499265771886,25.692499265771893,45,11,15,10,30,0,45,11:15,10:30,+0H 45M
,Workman, Brandon,519443,R,FC,70,87,2080,5.8,0.2748529038695989,0.4541861801801165,190.22404649340316,200.89478791058067,Cutter,45,705,675,-10.67074141717751,10.67074141717753,30,11,45,11,15,0,30,11:45,11:15,+0H 30M
,Yamamoto, Jordan,657141,R,FC,30,86.9,2582,6.3,0.2693007262568852,0.3381457120151266,181.19872338895627,200.32541713330818,Cutter,34,720,675,-19.12669374435191,19.12669374435192,45,12,0,11,15,0,45,12:00,11:15,+0H 45M
,Graterol, Brusdar,660813,R,FC,39,95.3,2352,6,0.30136798995191405,0.46111495662492696,169.4242391489059,200.4395191340125,Cutter,46,735,675,-31.015279985106588,31.01527998510657,60,12,15,11,15,1,0,12:15,11:15,+1H 00M
,Lorenzen, Michael,547179,R,FC,141,92,2526,6.8,0.3097106949698239,0.395401245963936,168.2405178728256,197.9634372706847,Cutter,40,750,690,-29.7229193978591,29.72291939785908,60,12,30,11,30,1,0,12:30,11:30,+1H 00M
,Martínez, Carlos,593372,R,FC,272,90.6,2171,8.8,0.42760065982163253,0.5244185337635985,146.44027527427406,171.66763252078954,Cutter,52,60,735,-25.22735724651548,25.22735724651547,45,1,0,12,15,0,45,1:00,12:15,+0H 45M
,Bumgarner, Madison,518516,L,FC,755,86,2423,7.9,0.36058643648557037,0.4575757945353194,178.16550934007606,155.04853073550711,Cutter,46,720,765,23.116978604568942,23.116978604568963,-45,12,0,12,45,0,45,12:00,12:45,-0H 45M
,González, Chi Chi,592346,R,FC,154,87.8,2519,4.8,0.24092158780381268,0.3131060320825287,203.8415403560434,220.432330480736,Cutter,31,675,645,-16.590790124692603,16.590790124692614,30,11,15,10,45,0,30,11:15,10:45,+0H 30M
,Jefferies, Daulton,641726,R,FC,31,91.3,2211,10.3,0.49083537530712634,0.7284308582807091,156.16666496313994,156.97554864849872,Cutter,73,765,765,-0.8088836853587793,0.8088836853587595,0,12,45,12,45,0,0,12:45,12:45, 0H 00M
,Lakins Sr., Travis,664042,R,FC,190,91.3,2416,9.4,0.4244200576895643,0.5277300181055213,177.54554252919274,206.93762556323549,Cutter,53,720,660,-29.39208303404274,29.39208303404277,60,12,0,11,0,1,0,12:00,11:00,+1H 00M
,Misiewicz, Anthony,664948,L,FC,297,88.7,2443,7.2,0.31773861690322497,0.3638877683939566,163.08345786618906,170.21379770267956,Cutter,36,750,735,-7.130339836490492,7.130339836490492,15,12,30,12,15,0,15,12:30,12:15,+0H 15M
,Montgomery, Jordan,656756,L,FC,354,87.3,2361,8,0.3573134999828663,0.4620415627762417,195.7266694415851,173.67410838285596,Cutter,46,690,735,22.05256105872914,22.05256105872915,-45,11,30,12,15,0,45,11:30,12:15,-0H 45M
,Rodriguez, Eduardo,593958,L,FC,465,88.3,2186,8.1,0.37549628635784976,0.4806076946234981,200.25752150540868,163.59839218473664,Cutter,48,675,750,36.65912932067204,36.65912932067203,-75,11,15,12,30,1,15,11:15,12:30,-1H 15M
,McCullers Jr., Lance,621121,R,FC,40,89.8,2535,6.8,0.29448499260730554,0.25977520590568765,202.2209395276161,210.57158064834871,Cutter,26,675,660,-8.350641120732604,8.350641120732615,15,11,15,11,0,0,15,11:15,11:00,+0H 15M
,Ponce de Leon, Daniel,594965,R,FC,65,89.2,2256,10.5,0.4957143032870724,0.5954840714986923,163.7552231398515,184.52923426186175,Cutter,60,750,705,-20.77401112201025,20.774011122010265,45,12,30,11,45,0,45,12:30,11:45,+0H 45M